DATE,CPIAUCSL,CPILFESL,PCEPI,PCEPILFE
1947-01-01,21.48,.,.,.
1947-02-01,21.62,.,.,.
1947-03-01,22.0,.,.,.
1947-04-01,22.0,.,.,.
1947-05-01,21.95,.,.,.
1947-06-01,22.08,.,.,.
1947-07-01,22.23,.,.,.
1947-08-01,22.4,.,.,.
1947-09-01,22.84,.,.,.
1947-10-01,22.91,.,.,.
1947-11-01,23.06,.,.,.
1947-12-01,23.41,.,.,.
1948-01-01,23.68,.,.,.
1948-02-01,23.67,.,.,.
1948-03-01,23.5,.,.,.
1948-04-01,23.82,.,.,.
1948-05-01,24.01,.,.,.
1948-06-01,24.15,.,.,.
1948-07-01,24.4,.,.,.
1948-08-01,24.43,.,.,.
1948-09-01,24.36,.,.,.
1948-10-01,24.31,.,.,.
1948-11-01,24.16,.,.,.
1948-12-01,24.05,.,.,.
1949-01-01,24.01,.,.,.
1949-02-01,23.91,.,.,.
1949-03-01,23.91,.,.,.
1949-04-01,23.92,.,.,.
1949-05-01,23.91,.,.,.
1949-06-01,23.92,.,.,.
1949-07-01,23.7,.,.,.
1949-08-01,23.7,.,.,.
1949-09-01,23.75,.,.,.
1949-10-01,23.67,.,.,.
1949-11-01,23.7,.,.,.
1949-12-01,23.61,.,.,.
1950-01-01,23.51,.,.,.
1950-02-01,23.61,.,.,.
1950-03-01,23.64,.,.,.
1950-04-01,23.65,.,.,.
1950-05-01,23.77,.,.,.
1950-06-01,23.88,.,.,.
1950-07-01,24.07,.,.,.
1950-08-01,24.2,.,.,.
1950-09-01,24.34,.,.,.
1950-10-01,24.5,.,.,.
1950-11-01,24.6,.,.,.
1950-12-01,24.98,.,.,.
1951-01-01,25.38,.,.,.
1951-02-01,25.83,.,.,.
1951-03-01,25.88,.,.,.
1951-04-01,25.92,.,.,.
1951-05-01,25.99,.,.,.
1951-06-01,25.93,.,.,.
1951-07-01,25.91,.,.,.
1951-08-01,25.86,.,.,.
1951-09-01,26.03,.,.,.
1951-10-01,26.16,.,.,.
1951-11-01,26.32,.,.,.
1951-12-01,26.47,.,.,.
1952-01-01,26.45,.,.,.
1952-02-01,26.41,.,.,.
1952-03-01,26.39,.,.,.
1952-04-01,26.46,.,.,.
1952-05-01,26.47,.,.,.
1952-06-01,26.53,.,.,.
1952-07-01,26.68,.,.,.
1952-08-01,26.69,.,.,.
1952-09-01,26.63,.,.,.
1952-10-01,26.69,.,.,.
1952-11-01,26.69,.,.,.
1952-12-01,26.71,.,.,.
1953-01-01,26.64,.,.,.
1953-02-01,26.59,.,.,.
1953-03-01,26.63,.,.,.
1953-04-01,26.69,.,.,.
1953-05-01,26.7,.,.,.
1953-06-01,26.77,.,.,.
1953-07-01,26.79,.,.,.
1953-08-01,26.85,.,.,.
1953-09-01,26.89,.,.,.
1953-10-01,26.95,.,.,.
1953-11-01,26.85,.,.,.
1953-12-01,26.87,.,.,.
1954-01-01,26.94,.,.,.
1954-02-01,26.99,.,.,.
1954-03-01,26.93,.,.,.
1954-04-01,26.86,.,.,.
1954-05-01,26.93,.,.,.
1954-06-01,26.94,.,.,.
1954-07-01,26.86,.,.,.
1954-08-01,26.85,.,.,.
1954-09-01,26.81,.,.,.
1954-10-01,26.72,.,.,.
1954-11-01,26.78,.,.,.
1954-12-01,26.77,.,.,.
1955-01-01,26.77,.,.,.
1955-02-01,26.82,.,.,.
1955-03-01,26.79,.,.,.
1955-04-01,26.79,.,.,.
1955-05-01,26.77,.,.,.
1955-06-01,26.71,.,.,.
1955-07-01,26.76,.,.,.
1955-08-01,26.72,.,.,.
1955-09-01,26.85,.,.,.
1955-10-01,26.82,.,.,.
1955-11-01,26.88,.,.,.
1955-12-01,26.87,.,.,.
1956-01-01,26.83,.,.,.
1956-02-01,26.86,.,.,.
1956-03-01,26.89,.,.,.
1956-04-01,26.93,.,.,.
1956-05-01,27.03,.,.,.
1956-06-01,27.15,.,.,.
1956-07-01,27.29,.,.,.
1956-08-01,27.31,.,.,.
1956-09-01,27.35,.,.,.
1956-10-01,27.51,.,.,.
1956-11-01,27.51,.,.,.
1956-12-01,27.63,.,.,.
1957-01-01,27.67,28.5,.,.
1957-02-01,27.8,28.6,.,.
1957-03-01,27.86,28.7,.,.
1957-04-01,27.93,28.8,.,.
1957-05-01,28.0,28.8,.,.
1957-06-01,28.11,28.9,.,.
1957-07-01,28.19,29,.,.
1957-08-01,28.28,29,.,.
1957-09-01,28.32,29.1,.,.
1957-10-01,28.32,29.2,.,.
1957-11-01,28.41,29.3,.,.
1957-12-01,28.47,29.3,.,.
1958-01-01,28.64,29.3,.,.
1958-02-01,28.7,29.4,.,.
1958-03-01,28.87,29.5,.,.
1958-04-01,28.94,29.5,.,.
1958-05-01,28.94,29.5,.,.
1958-06-01,28.91,29.6,.,.
1958-07-01,28.89,29.6,.,.
1958-08-01,28.94,29.6,.,.
1958-09-01,28.91,29.7,.,.
1958-10-01,28.91,29.7,.,.
1958-11-01,28.95,29.8,.,.
1958-12-01,28.97,29.9,.,.
1959-01-01,29.01,29.9,16.042,16.688
1959-02-01,29.0,29.9,16.057,16.701
1959-03-01,28.97,30,16.068,16.719
1959-04-01,28.98,30,16.1,16.762
1959-05-01,29.04,30.1,16.109,16.783
1959-06-01,29.11,30.2,16.155,16.832
1959-07-01,29.15,30.2,16.189,16.871
1959-08-01,29.18,30.2,16.212,16.899
1959-09-01,29.25,30.3,16.255,16.943
1959-10-01,29.35,30.4,16.294,16.972
1959-11-01,29.35,30.4,16.304,17.003
1959-12-01,29.41,30.5,16.323,17.029
1960-01-01,29.37,30.5,16.314,17.033
1960-02-01,29.41,30.6,16.331,17.065
1960-03-01,29.41,30.6,16.34,17.067
1960-04-01,29.54,30.6,16.4,17.098
1960-05-01,29.57,30.6,16.417,17.125
1960-06-01,29.61,30.7,16.424,17.136
1960-07-01,29.55,30.6,16.453,17.166
1960-08-01,29.61,30.6,16.481,17.191
1960-09-01,29.61,30.6,16.491,17.204
1960-10-01,29.75,30.8,16.51,17.214
1960-11-01,29.78,30.8,16.565,17.26
1960-12-01,29.81,30.7,16.569,17.255
1961-01-01,29.84,30.8,16.571,17.259
1961-02-01,29.84,30.8,16.587,17.276
1961-03-01,29.84,30.9,16.578,17.282
1961-04-01,29.81,30.9,16.568,17.306
1961-05-01,29.84,30.9,16.577,17.328
1961-06-01,29.84,31,16.585,17.354
1961-07-01,29.92,31,16.621,17.381
1961-08-01,29.94,31.1,16.635,17.399
1961-09-01,29.98,31.1,16.654,17.434
1961-10-01,29.98,31.1,16.652,17.44
1961-11-01,29.98,31.2,16.653,17.443
1961-12-01,30.01,31.2,16.658,17.458
1962-01-01,30.04,31.2,16.689,17.478
1962-02-01,30.11,31.2,16.734,17.507
1962-03-01,30.17,31.3,16.756,17.548
1962-04-01,30.21,31.3,16.775,17.551
1962-05-01,30.24,31.4,16.786,17.576
1962-06-01,30.21,31.4,16.796,17.608
1962-07-01,30.22,31.4,16.787,17.623
1962-08-01,30.28,31.5,16.811,17.626
1962-09-01,30.42,31.5,16.894,17.66
1962-10-01,30.38,31.5,16.876,17.659
1962-11-01,30.38,31.5,16.889,17.672
1962-12-01,30.38,31.6,16.882,17.677
1963-01-01,30.44,31.5,16.923,17.711
1963-02-01,30.48,31.6,16.941,17.731
1963-03-01,30.51,31.7,16.928,17.742
1963-04-01,30.48,31.7,16.927,17.763
1963-05-01,30.51,31.7,16.954,17.795
1963-06-01,30.61,31.8,16.991,17.826
1963-07-01,30.69,31.8,17.025,17.842
1963-08-01,30.75,31.9,17.048,17.858
1963-09-01,30.72,31.9,17.044,17.89
1963-10-01,30.75,32,17.078,17.93
1963-11-01,30.78,32,17.102,17.947
1963-12-01,30.88,32.1,17.127,17.972
1964-01-01,30.94,32.2,17.163,17.997
1964-02-01,30.91,32.2,17.188,18.031
1964-03-01,30.94,32.2,17.198,18.048
1964-04-01,30.95,32.2,17.211,18.065
1964-05-01,30.98,32.2,17.213,18.08
1964-06-01,31.01,32.3,17.237,18.093
1964-07-01,31.02,32.3,17.259,18.111
1964-08-01,31.05,32.3,17.273,18.135
1964-09-01,31.08,32.3,17.299,18.143
1964-10-01,31.12,32.4,17.31,18.149
1964-11-01,31.21,32.5,17.334,18.176
1964-12-01,31.25,32.5,17.359,18.201
1965-01-01,31.28,32.6,17.378,18.226
1965-02-01,31.28,32.6,17.385,18.248
1965-03-01,31.31,32.6,17.408,18.258
1965-04-01,31.38,32.7,17.435,18.28
1965-05-01,31.48,32.7,17.474,18.314
1965-06-01,31.61,32.7,17.525,18.309
1965-07-01,31.58,32.7,17.538,18.327
1965-08-01,31.55,32.7,17.542,18.362
1965-09-01,31.62,32.8,17.55,18.384
1965-10-01,31.65,32.8,17.556,18.377
1965-11-01,31.75,32.9,17.585,18.411
1965-12-01,31.85,33,17.649,18.467
1966-01-01,31.88,33,17.67,18.473
1966-02-01,32.08,33.1,17.743,18.518
1966-03-01,32.18,33.1,17.786,18.542
1966-04-01,32.28,33.3,17.848,18.608
1966-05-01,32.35,33.4,17.87,18.657
1966-06-01,32.38,33.5,17.915,18.718
1966-07-01,32.45,33.6,17.949,18.773
1966-08-01,32.65,33.7,18.018,18.807
1966-09-01,32.75,33.8,18.075,18.865
1966-10-01,32.85,34,18.123,18.927
1966-11-01,32.88,34,18.15,18.975
1966-12-01,32.92,34.1,18.187,19.032
1967-01-01,32.9,34.2,18.188,19.05
1967-02-01,33.0,34.2,18.209,19.084
1967-03-01,33.0,34.3,18.22,19.113
1967-04-01,33.1,34.4,18.249,19.165
1967-05-01,33.1,34.5,18.285,19.208
1967-06-01,33.3,34.6,18.343,19.257
1967-07-01,33.4,34.7,18.405,19.322
1967-08-01,33.5,34.9,18.463,19.382
1967-09-01,33.6,35,18.519,19.45
1967-10-01,33.7,35.1,18.57,19.523
1967-11-01,33.9,35.2,18.632,19.585
1967-12-01,34.0,35.4,18.661,19.633
1968-01-01,34.1,35.5,18.748,19.72
1968-02-01,34.2,35.7,18.824,19.805
1968-03-01,34.3,35.8,18.886,19.884
1968-04-01,34.4,35.9,18.945,19.957
1968-05-01,34.5,36,19.015,20.033
1968-06-01,34.7,36.2,19.075,20.111
1968-07-01,34.9,36.4,19.134,20.178
1968-08-01,35.0,36.5,19.212,20.257
1968-09-01,35.1,36.7,19.279,20.339
1968-10-01,35.3,36.9,19.364,20.422
1968-11-01,35.4,37.1,19.43,20.498
1968-12-01,35.6,37.2,19.47,20.56
1969-01-01,35.7,37.3,19.546,20.638
1969-02-01,35.8,37.6,19.595,20.709
1969-03-01,36.1,37.8,19.687,20.805
1969-04-01,36.3,38.1,19.774,20.886
1969-05-01,36.4,38.1,19.854,20.969
1969-06-01,36.6,38.3,19.95,21.041
1969-07-01,36.8,38.5,20.037,21.139
1969-08-01,36.9,38.7,20.093,21.199
1969-09-01,37.1,38.9,20.176,21.284
1969-10-01,37.3,39.1,20.245,21.375
1969-11-01,37.5,39.2,20.332,21.457
1969-12-01,37.7,39.4,20.426,21.537
1970-01-01,37.9,39.6,20.499,21.608
1970-02-01,38.1,39.8,20.58,21.691
1970-03-01,38.3,40.1,20.631,21.772
1970-04-01,38.5,40.4,20.736,21.857
1970-05-01,38.6,40.5,20.802,21.934
1970-06-01,38.8,40.8,20.856,22.014
1970-07-01,38.9,40.9,20.932,22.098
1970-08-01,39.0,41.1,20.987,22.174
1970-09-01,39.2,41.3,21.081,22.267
1970-10-01,39.4,41.5,21.185,22.376
1970-11-01,39.6,41.8,21.269,22.492
1970-12-01,39.8,42,21.363,22.605
1971-01-01,39.9,42.1,21.408,22.694
1971-02-01,39.9,42.2,21.471,22.78
1971-03-01,40.0,42.2,21.542,22.853
1971-04-01,40.1,42.4,21.626,22.939
1971-05-01,40.3,42.6,21.717,23.039
1971-06-01,40.5,42.8,21.813,23.129
1971-07-01,40.6,42.9,21.879,23.218
1971-08-01,40.7,43,21.942,23.251
1971-09-01,40.8,43,21.975,23.289
1971-10-01,40.9,43.1,22.009,23.326
1971-11-01,41.0,43.2,22.054,23.379
1971-12-01,41.1,43.3,22.141,23.452
1972-01-01,41.2,43.5,22.232,23.552
1972-02-01,41.4,43.6,22.319,23.615
1972-03-01,41.4,43.6,22.351,23.662
1972-04-01,41.5,43.8,22.386,23.717
1972-05-01,41.6,43.9,22.434,23.772
1972-06-01,41.7,44,22.469,23.819
1972-07-01,41.8,44.1,22.549,23.888
1972-08-01,41.9,44.3,22.615,23.938
1972-09-01,42.1,44.3,22.716,24.018
1972-10-01,42.2,44.4,22.741,24.032
1972-11-01,42.4,44.4,22.809,24.095
1972-12-01,42.5,44.6,22.882,24.168
1973-01-01,42.7,44.6,22.951,24.183
1973-02-01,43.0,44.8,23.072,24.259
1973-03-01,43.4,45,23.235,24.357
1973-04-01,43.7,45.1,23.408,24.498
1973-05-01,43.9,45.3,23.523,24.593
1973-06-01,44.2,45.4,23.658,24.699
1973-07-01,44.2,45.5,23.744,24.805
1973-08-01,45.0,45.7,24.017,24.921
1973-09-01,45.2,46,24.113,25.046
1973-10-01,45.6,46.3,24.249,25.143
1973-11-01,45.9,46.5,24.448,25.264
1973-12-01,46.3,46.7,24.649,25.404
1974-01-01,46.8,46.9,24.885,25.529
1974-02-01,47.3,47.2,25.175,25.692
1974-03-01,47.8,47.6,25.467,25.892
1974-04-01,48.1,47.9,25.647,26.086
1974-05-01,48.6,48.5,25.9,26.337
1974-06-01,49.0,49,26.119,26.607
1974-07-01,49.3,49.5,26.312,26.843
1974-08-01,49.9,50.2,26.587,27.101
1974-09-01,50.6,50.7,26.863,27.345
1974-10-01,51.0,51.2,27.056,27.559
1974-11-01,51.5,51.6,27.259,27.76
1974-12-01,51.9,52,27.474,27.956
1975-01-01,52.3,52.3,27.645,28.119
1975-02-01,52.6,52.8,27.795,28.318
1975-03-01,52.8,53,27.889,28.466
1975-04-01,53.0,53.3,27.984,28.604
1975-05-01,53.1,53.5,28.095,28.725
1975-06-01,53.5,53.8,28.271,28.866
1975-07-01,54.0,54,28.514,29.044
1975-08-01,54.2,54.2,28.637,29.144
1975-09-01,54.6,54.5,28.779,29.302
1975-10-01,54.9,54.8,28.946,29.448
1975-11-01,55.3,55.2,29.132,29.643
1975-12-01,55.6,55.5,29.293,29.823
1976-01-01,55.8,55.9,29.405,29.976
1976-02-01,55.9,56.2,29.442,30.095
1976-03-01,56.0,56.5,29.486,30.195
1976-04-01,56.1,56.7,29.553,30.312
1976-05-01,56.4,57,29.695,30.456
1976-06-01,56.7,57.2,29.824,30.579
1976-07-01,57.0,57.6,29.975,30.748
1976-08-01,57.3,57.9,30.14,30.925
1976-09-01,57.6,58.2,30.31,31.106
1976-10-01,57.9,58.5,30.469,31.258
1976-11-01,58.1,58.7,30.607,31.401
1976-12-01,58.4,58.9,30.778,31.571
1977-01-01,58.7,59.3,30.957,31.763
1977-02-01,59.3,59.7,31.199,31.958
1977-03-01,59.6,60,31.356,32.094
1977-04-01,60.0,60.3,31.538,32.253
1977-05-01,60.2,60.6,31.698,32.417
1977-06-01,60.5,61,31.875,32.611
1977-07-01,60.8,61.2,32.041,32.813
1977-08-01,61.1,61.5,32.19,32.973
1977-09-01,61.3,61.8,32.311,33.113
1977-10-01,61.6,62,32.461,33.273
1977-11-01,62.0,62.3,32.648,33.445
1977-12-01,62.3,62.7,32.806,33.618
1978-01-01,62.7,63.1,33.0,33.819
1978-02-01,63.0,63.4,33.153,33.949
1978-03-01,63.4,63.8,33.368,34.133
1978-04-01,63.9,64.3,33.621,34.354
1978-05-01,64.5,64.7,33.861,34.556
1978-06-01,65.0,65.2,34.082,34.749
1978-07-01,65.5,65.6,34.269,34.953
1978-08-01,65.9,66.1,34.442,35.141
1978-09-01,66.5,66.7,34.638,35.343
1978-10-01,67.1,67.2,34.913,35.603
1978-11-01,67.5,67.6,35.112,35.794
1978-12-01,67.9,68,35.276,35.934
1979-01-01,68.5,68.5,35.542,36.118
1979-02-01,69.2,69.2,35.732,36.235
1979-03-01,69.9,69.8,36.011,36.444
1979-04-01,70.6,70.3,36.386,36.78
1979-05-01,71.4,70.8,36.763,37.1
1979-06-01,72.2,71.3,37.066,37.308
1979-07-01,73.0,71.9,37.349,37.495
1979-08-01,73.7,72.7,37.635,37.744
1979-09-01,74.4,73.3,37.967,38.002
1979-10-01,75.2,74,38.276,38.279
1979-11-01,76.0,74.8,38.542,38.524
1979-12-01,76.9,75.7,38.866,38.801
1980-01-01,78.0,76.7,39.273,39.095
1980-02-01,79.0,77.5,39.699,39.485
1980-03-01,80.1,78.6,40.186,39.851
1980-04-01,80.9,79.5,40.396,40.056
1980-05-01,81.7,80.1,40.71,40.378
1980-06-01,82.5,81,40.967,40.646
1980-07-01,82.6,80.8,41.285,40.932
1980-08-01,83.2,81.3,41.629,41.228
1980-09-01,83.9,82.1,42.014,41.616
1980-10-01,84.7,83,42.351,41.959
1980-11-01,85.6,83.9,42.696,42.289
1980-12-01,86.4,84.9,42.973,42.544
1981-01-01,87.2,85.4,43.386,42.912
1981-02-01,88.0,85.9,43.825,43.226
1981-03-01,88.6,86.4,44.13,43.466
1981-04-01,89.1,87,44.323,43.744
1981-05-01,89.7,87.8,44.522,44.045
1981-06-01,90.5,88.6,44.699,44.265
1981-07-01,91.5,89.8,44.969,44.532
1981-08-01,92.2,90.7,45.25,44.83
1981-09-01,93.1,91.8,45.524,45.124
1981-10-01,93.4,92.1,45.73,45.393
1981-11-01,93.8,92.5,45.976,45.658
1981-12-01,94.1,93,46.118,45.826
1982-01-01,94.4,93.3,46.392,46.108
1982-02-01,94.7,93.8,46.531,46.286
1982-03-01,94.7,93.9,46.651,46.488
1982-04-01,95.0,94.7,46.675,46.672
1982-05-01,95.9,95.4,46.951,46.927
1982-06-01,97.0,96.1,47.292,47.162
1982-07-01,97.5,96.7,47.572,47.468
1982-08-01,97.7,97.1,47.72,47.686
1982-09-01,97.7,97.2,47.852,47.863
1982-10-01,98.1,97.5,48.121,48.166
1982-11-01,98.0,97.3,48.265,48.344
1982-12-01,97.7,97.2,48.338,48.498
1983-01-01,97.9,97.6,48.564,48.83
1983-02-01,98.0,98,48.646,49.011
1983-03-01,98.1,98.2,48.709,49.073
1983-04-01,98.8,98.6,48.931,49.222
1983-05-01,99.2,98.9,49.07,49.293
1983-06-01,99.4,99.2,49.253,49.523
1983-07-01,99.8,99.8,49.53,49.856
1983-08-01,100.1,100.1,49.743,50.113
1983-09-01,100.4,100.5,49.916,50.316
1983-10-01,100.8,101,50.002,50.405
1983-11-01,101.1,101.5,50.072,50.523
1983-12-01,101.4,101.8,50.1,50.56
1984-01-01,102.1,102.5,50.318,50.729
1984-02-01,102.6,102.8,50.656,51.049
1984-03-01,102.9,103.2,50.823,51.242
1984-04-01,103.3,103.7,51.016,51.483
1984-05-01,103.5,104.1,51.08,51.602
1984-06-01,103.7,104.5,51.171,51.724
1984-07-01,104.1,105,51.354,51.947
1984-08-01,104.4,105.4,51.512,52.118
1984-09-01,104.7,105.8,51.582,52.198
1984-10-01,105.1,106.2,51.704,52.315
1984-11-01,105.3,106.4,51.776,52.426
1984-12-01,105.5,106.8,51.922,52.634
1985-01-01,105.7,107.1,52.182,52.928
1985-02-01,106.3,107.7,52.424,53.204
1985-03-01,106.8,108.1,52.629,53.39
1985-04-01,107.0,108.4,52.706,53.453
1985-05-01,107.2,108.8,52.831,53.638
1985-06-01,107.5,109.1,52.974,53.815
1985-07-01,107.7,109.4,53.104,53.973
1985-08-01,107.9,109.8,53.28,54.237
1985-09-01,108.1,110,53.37,54.349
1985-10-01,108.5,110.5,53.459,54.436
1985-11-01,109.0,111.1,53.614,54.57
1985-12-01,109.5,111.4,53.795,54.718
1986-01-01,109.9,111.9,54.042,55.014
1986-02-01,109.7,112.2,54.042,55.156
1986-03-01,109.1,112.5,53.924,55.324
1986-04-01,108.7,112.9,53.813,55.424
1986-05-01,109.0,113.1,53.912,55.518
1986-06-01,109.4,113.4,54.112,55.685
1986-07-01,109.5,113.8,54.126,55.786
1986-08-01,109.6,114.2,54.194,55.901
1986-09-01,110.0,114.6,54.371,56.085
1986-10-01,110.2,115,54.469,56.274
1986-11-01,110.4,115.3,54.566,56.394
1986-12-01,110.8,115.6,54.64,56.466
1987-01-01,111.4,115.9,54.895,56.601
1987-02-01,111.8,116.2,55.088,56.714
1987-03-01,112.2,116.6,55.233,56.882
1987-04-01,112.7,117.3,55.439,57.123
1987-05-01,113.0,117.7,55.58,57.283
1987-06-01,113.5,117.9,55.791,57.441
1987-07-01,113.8,118.3,55.919,57.589
1987-08-01,114.3,118.7,56.14,57.783
1987-09-01,114.7,119.2,56.329,58.012
1987-10-01,115.0,119.8,56.508,58.26
1987-11-01,115.4,120.1,56.616,58.382
1987-12-01,115.6,120.4,56.72,58.505
1988-01-01,116.0,120.9,56.941,58.781
1988-02-01,116.2,121.2,57.024,58.902
1988-03-01,116.5,121.7,57.221,59.154
1988-04-01,117.2,122.3,57.499,59.441
1988-05-01,117.5,122.7,57.666,59.644
1988-06-01,118.0,123.2,57.912,59.896
1988-07-01,118.5,123.6,58.193,60.14
1988-08-01,119.0,124.0,58.366,60.289
1988-09-01,119.5,124.7,58.65,60.613
1988-10-01,119.9,125.2,58.841,60.843
1988-11-01,120.3,125.6,58.978,61.01
1988-12-01,120.7,126.0,59.162,61.212
1989-01-01,121.2,126.5,59.465,61.522
1989-02-01,121.6,126.9,59.663,61.678
1989-03-01,122.2,127.4,59.885,61.863
1989-04-01,123.1,127.8,60.284,62.07
1989-05-01,123.7,128.3,60.504,62.256
1989-06-01,124.1,128.8,60.637,62.42
1989-07-01,124.5,129.2,60.782,62.581
1989-08-01,124.5,129.5,60.789,62.669
1989-09-01,124.8,129.9,60.924,62.886
1989-10-01,125.4,130.6,61.162,63.114
1989-11-01,125.9,131.1,61.296,63.282
1989-12-01,126.3,131.6,61.473,63.462
1990-01-01,127.5,132.1,61.939,63.706
1990-02-01,128.0,132.7,62.212,64.016
1990-03-01,128.6,133.5,62.446,64.323
1990-04-01,128.9,134.0,62.577,64.515
1990-05-01,129.1,134.4,62.718,64.712
1990-06-01,129.9,135.1,62.995,64.963
1990-07-01,130.5,135.8,63.151,65.128
1990-08-01,131.6,136.6,63.571,65.398
1990-09-01,132.5,137.1,63.961,65.627
1990-10-01,133.4,137.6,64.327,65.85
1990-11-01,133.7,138.0,64.409,65.929
1990-12-01,134.2,138.6,64.469,66.021
1991-01-01,134.7,139.5,64.714,66.35
1991-02-01,134.8,140.2,64.747,66.533
1991-03-01,134.8,140.5,64.76,66.672
1991-04-01,135.1,140.9,64.878,66.805
1991-05-01,135.6,141.3,65.147,67.072
1991-06-01,136.0,141.8,65.257,67.216
1991-07-01,136.2,142.3,65.36,67.421
1991-08-01,136.6,142.9,65.511,67.606
1991-09-01,137.0,143.4,65.737,67.877
1991-10-01,137.2,143.7,65.86,68.026
1991-11-01,137.8,144.2,66.005,68.153
1991-12-01,138.2,144.7,66.17,68.321
1992-01-01,138.3,145.1,66.26,68.507
1992-02-01,138.6,145.4,66.428,68.693
1992-03-01,139.1,145.9,66.589,68.865
1992-04-01,139.4,146.3,66.769,69.091
1992-05-01,139.7,146.8,66.857,69.188
1992-06-01,140.1,147.1,66.976,69.242
1992-07-01,140.5,147.6,67.197,69.503
1992-08-01,140.8,147.9,67.287,69.567
1992-09-01,141.1,148.1,67.397,69.68
1992-10-01,141.7,148.8,67.635,69.948
1992-11-01,142.1,149.2,67.768,70.101
1992-12-01,142.3,149.6,67.886,70.231
1993-01-01,142.8,150.1,68.052,70.435
1993-02-01,143.1,150.6,68.154,70.57
1993-03-01,143.3,150.8,68.294,70.723
1993-04-01,143.8,151.4,68.475,70.929
1993-05-01,144.2,151.8,68.687,71.169
1993-06-01,144.3,152.1,68.711,71.237
1993-07-01,144.5,152.3,68.82,71.385
1993-08-01,144.8,152.8,68.938,71.518
1993-09-01,145.0,152.9,69.01,71.625
1993-10-01,145.6,153.4,69.227,71.744
1993-11-01,146.0,153.9,69.358,71.928
1993-12-01,146.3,154.3,69.374,71.96
1994-01-01,146.3,154.5,69.397,72.018
1994-02-01,146.7,154.8,69.558,72.173
1994-03-01,147.1,155.3,69.75,72.42
1994-04-01,147.2,155.5,69.832,72.528
1994-05-01,147.5,155.9,69.933,72.69
1994-06-01,147.9,156.4,70.104,72.851
1994-07-01,148.4,156.7,70.325,73.004
1994-08-01,149.0,157.1,70.486,73.086
1994-09-01,149.3,157.5,70.565,73.197
1994-10-01,149.4,157.8,70.684,73.369
1994-11-01,149.8,158.2,70.819,73.503
1994-12-01,150.1,158.3,70.865,73.528
1995-01-01,150.5,159.0,71.008,73.711
1995-02-01,150.9,159.4,71.134,73.831
1995-03-01,151.2,159.9,71.265,74.013
1995-04-01,151.8,160.4,71.453,74.184
1995-05-01,152.1,160.7,71.563,74.311
1995-06-01,152.4,161.1,71.633,74.375
1995-07-01,152.6,161.4,71.722,74.493
1995-08-01,152.9,161.8,71.877,74.671
1995-09-01,153.1,162.2,71.926,74.77
1995-10-01,153.5,162.7,72.113,74.952
1995-11-01,153.7,163.0,72.111,75.0
1995-12-01,153.9,163.1,72.249,75.105
1996-01-01,154.7,163.7,72.41,75.19
1996-02-01,155.0,164.0,72.524,75.288
1996-03-01,155.5,164.4,72.743,75.462
1996-04-01,156.1,164.6,72.961,75.565
1996-05-01,156.4,165.0,73.087,75.696
1996-06-01,156.7,165.4,73.086,75.754
1996-07-01,157.0,165.7,73.241,75.897
1996-08-01,157.2,166.0,73.31,75.962
1996-09-01,157.7,166.5,73.517,76.192
1996-10-01,158.2,166.8,73.74,76.373
1996-11-01,158.7,167.2,73.871,76.473
1996-12-01,159.1,167.4,73.956,76.503
1997-01-01,159.4,167.8,74.052,76.584
1997-02-01,159.7,168.1,74.208,76.741
1997-03-01,159.8,168.4,74.286,76.925
1997-04-01,159.9,168.9,74.359,77.075
1997-05-01,159.9,169.2,74.324,77.131
1997-06-01,160.2,169.4,74.42,77.245
1997-07-01,160.4,169.7,74.464,77.297
1997-08-01,160.8,169.8,74.524,77.267
1997-09-01,161.2,170.2,74.704,77.427
1997-10-01,161.5,170.6,74.801,77.545
1997-11-01,161.7,170.8,74.804,77.568
1997-12-01,161.8,171.2,74.788,77.613
1998-01-01,162.0,171.6,74.825,77.732
1998-02-01,162.0,171.9,74.787,77.798
1998-03-01,162.0,172.2,74.799,77.881
1998-04-01,162.2,172.5,74.891,78.024
1998-05-01,162.6,172.9,74.994,78.1
1998-06-01,162.8,173.2,74.931,78.002
1998-07-01,163.2,173.5,75.116,78.222
1998-08-01,163.4,174.0,75.22,78.375
1998-09-01,163.5,174.2,75.176,78.361
1998-10-01,163.9,174.4,75.341,78.514
1998-11-01,164.1,174.8,75.345,78.528
1998-12-01,164.4,175.4,75.42,78.663
1999-01-01,164.7,175.6,75.527,78.776
1999-02-01,164.7,175.6,75.484,78.749
1999-03-01,164.8,175.7,75.541,78.773
1999-04-01,165.9,176.3,75.906,78.975
1999-05-01,166.0,176.5,75.955,79.051
1999-06-01,166.0,176.6,75.979,79.092
1999-07-01,166.7,177.1,76.181,79.235
1999-08-01,167.1,177.3,76.319,79.273
1999-09-01,167.8,177.8,76.593,79.483
1999-10-01,168.1,178.1,76.723,79.619
1999-11-01,168.4,178.4,76.792,79.695
1999-12-01,168.8,178.7,76.97,79.796
2000-01-01,169.3,179.3,77.18,79.987
2000-02-01,170.0,179.4,77.422,80.106
2000-03-01,171.0,180.0,77.755,80.27
2000-04-01,170.9,180.3,77.69,80.323
2000-05-01,171.2,180.7,77.755,80.409
2000-06-01,172.2,181.1,78.019,80.47
2000-07-01,172.7,181.5,78.214,80.654
2000-08-01,172.7,181.9,78.209,80.757
2000-09-01,173.6,182.3,78.545,80.953
2000-10-01,173.9,182.6,78.652,81.067
2000-11-01,174.2,183.1,78.762,81.21
2000-12-01,174.6,183.3,78.883,81.289
2001-01-01,175.6,183.9,79.265,81.592
2001-02-01,176.0,184.4,79.388,81.736
2001-03-01,176.1,184.7,79.395,81.821
2001-04-01,176.4,185.1,79.534,81.951
2001-05-01,177.3,185.3,79.743,81.97
2001-06-01,177.7,186.0,79.885,82.154
2001-07-01,177.4,186.4,79.858,82.366
2001-08-01,177.4,186.7,79.848,82.406
2001-09-01,178.1,187.1,79.577,81.939
2001-10-01,177.6,187.4,79.857,82.516
2001-11-01,177.5,188.1,79.803,82.683
2001-12-01,177.4,188.4,79.721,82.702
2002-01-01,177.7,188.7,79.793,82.75
2002-02-01,178.0,189.1,79.926,82.907
2002-03-01,178.5,189.2,80.144,83.006
2002-04-01,179.3,189.7,80.479,83.238
2002-05-01,179.5,190.0,80.531,83.331
2002-06-01,179.6,190.2,80.632,83.463
2002-07-01,180.0,190.5,80.81,83.632
2002-08-01,180.5,191.1,80.969,83.797
2002-09-01,180.8,191.3,81.115,83.934
2002-10-01,181.2,191.5,81.262,84.005
2002-11-01,181.5,191.9,81.343,84.087
2002-12-01,181.8,192.1,81.421,84.165
2003-01-01,182.600,192.400,81.664,84.223
2003-02-01,183.600,192.5,82.009,84.339
2003-03-01,183.900,192.5,82.219,84.474
2003-04-01,183.200,192.5,82.08,84.568
2003-05-01,182.900,192.9,81.986,84.69
2003-06-01,183.100,193.0,82.074,84.738
2003-07-01,183.700,193.4,82.315,84.949
2003-08-01,184.5,193.6,82.593,85.045
2003-09-01,185.100,193.7,82.852,85.164
2003-10-01,184.9,194.0,82.862,85.32
2003-11-01,185.000,194.0,82.967,85.437
2003-12-01,185.500,194.200,83.15,85.544
2004-01-01,186.300,194.600,83.471,85.763
2004-02-01,186.700,194.9,83.649,85.902
2004-03-01,187.100,195.5,83.778,86.046
2004-04-01,187.400,195.9,83.934,86.27
2004-05-01,188.200,196.2,84.206,86.388
2004-06-01,188.900,196.600,84.447,86.525
2004-07-01,189.100,196.8,84.525,86.628
2004-08-01,189.200,196.9,84.569,86.661
2004-09-01,189.800,197.5,84.735,86.823
2004-10-01,190.8,197.9,85.099,87.012
2004-11-01,191.700,198.3,85.427,87.199
2004-12-01,191.700,198.600,85.473,87.311
2005-01-01,191.600,199.0,85.585,87.625
2005-02-01,192.400,199.400,85.823,87.77
2005-03-01,193.100,200.100,86.08,87.987
2005-04-01,193.700,200.200,86.321,88.089
2005-05-01,193.600,200.5,86.37,88.269
2005-06-01,193.700,200.6,86.423,88.33
2005-07-01,194.900,200.9,86.79,88.46
2005-08-01,196.100,201.100,87.14,88.532
2005-09-01,198.800,201.300,87.981,88.728
2005-10-01,199.100,202.0,88.121,88.982
2005-11-01,198.100,202.5,87.938,89.21
2005-12-01,198.100,202.800,87.938,89.302
2006-01-01,199.300,203.2,88.364,89.503
2006-02-01,199.400,203.6,88.417,89.647
2006-03-01,199.700,204.300,88.588,89.894
2006-04-01,200.700,204.800,88.999,90.169
2006-05-01,201.300,205.400,89.239,90.395
2006-06-01,201.800,205.900,89.459,90.623
2006-07-01,202.900,206.300,89.765,90.712
2006-08-01,203.800,206.800,90.047,90.896
2006-09-01,202.800,207.200,89.812,91.04
2006-10-01,201.900,207.6,89.599,91.204
2006-11-01,202.000,207.800,89.63,91.248
2006-12-01,203.100,208.1,89.949,91.37
2007-01-01,203.437,208.600,90.249,91.741
2007-02-01,204.226,209.135,90.529,91.939
2007-03-01,205.288,209.418,90.861,92.032
2007-04-01,205.904,209.747,91.074,92.163
2007-05-01,206.755,210.058,91.339,92.272
2007-06-01,207.234,210.392,91.532,92.424
2007-07-01,207.603,210.773,91.672,92.563
2007-08-01,207.667,211.119,91.734,92.701
2007-09-01,208.547,211.554,92.088,92.954
2007-10-01,209.190,212.077,92.367,93.196
2007-11-01,210.834,212.660,92.856,93.379
2007-12-01,211.445,213.168,93.072,93.567
2008-01-01,212.174,213.771,93.307,93.753
2008-02-01,212.687,213.939,93.492,93.844
2008-03-01,213.448,214.420,93.76,94.028
2008-04-01,213.942,214.560,93.934,94.083
2008-05-01,215.208,214.936,94.337,94.255
2008-06-01,217.463,215.424,95.021,94.471
2008-07-01,219.016,215.965,95.463,94.641
2008-08-01,218.690,216.393,95.386,94.757
2008-09-01,218.877,216.713,95.465,94.854
2008-10-01,216.995,216.788,94.835,94.719
2008-11-01,213.153,216.947,93.716,94.677
2008-12-01,211.398,216.925,93.192,94.631
2009-01-01,211.933,217.346,93.203,94.602
2009-02-01,212.705,217.792,93.369,94.677
2009-03-01,212.495,218.253,93.267,94.745
2009-04-01,212.709,218.706,93.401,94.957
2009-05-01,213.022,218.904,93.498,95.03
2009-06-01,214.790,219.112,94.053,95.151
2009-07-01,214.726,219.263,94.063,95.233
2009-08-01,215.445,219.496,94.336,95.374
2009-09-01,215.861,219.920,94.489,95.541
2009-10-01,216.509,220.501,94.847,95.893
2009-11-01,217.234,220.666,95.084,95.978
2009-12-01,217.347,220.881,95.14,96.06
2010-01-01,217.488,220.633,95.348,96.201
2010-02-01,217.281,220.731,95.345,96.285
2010-03-01,217.353,220.783,95.48,96.429
2010-04-01,217.403,220.822,95.532,96.478
2010-05-01,217.290,220.962,95.562,96.585
2010-06-01,217.199,221.194,95.522,96.632
2010-07-01,217.605,221.363,95.604,96.633
2010-08-01,217.923,221.509,95.735,96.726
2010-09-01,218.275,221.711,95.83,96.781
2010-10-01,219.035,221.830,96.135,96.928
2010-11-01,219.590,222.149,96.327,97.054
2010-12-01,220.472,222.343,96.545,97.074
2011-01-01,221.187,222.803,96.835,97.283
2011-02-01,221.898,223.213,97.105,97.453
2011-03-01,223.046,223.454,97.496,97.6
2011-04-01,224.093,223.727,97.908,97.824
2011-05-01,224.806,224.175,98.206,98.057
2011-06-01,224.806,224.697,98.186,98.164
2011-07-01,225.395,225.218,98.353,98.309
2011-08-01,226.106,225.862,98.584,98.505
2011-09-01,226.597,226.118,98.723,98.572
2011-10-01,226.750,226.506,98.725,98.619
2011-11-01,227.169,226.899,98.928,98.828
2011-12-01,227.223,227.405,98.984,98.992
2012-01-01,227.842,227.877,99.323,99.288
2012-02-01,228.329,228.034,99.545,99.426
2012-03-01,228.807,228.478,99.735,99.595
2012-04-01,229.187,228.905,99.866,99.746
2012-05-01,228.713,229.224,99.754,99.847
2012-06-01,228.524,229.623,99.704,99.95
2012-07-01,228.590,229.970,99.74,100.053
2012-08-01,229.918,230.233,100.075,100.116
2012-09-01,231.015,230.659,100.379,100.24
2012-10-01,231.638,231.024,100.677,100.482
2012-11-01,231.249,231.330,100.609,100.591
2012-12-01,231.221,231.725,100.593,100.664
2013-01-01,231.679,232.229,100.787,100.871
2013-02-01,232.937,232.569,101.156,100.992
2013-03-01,232.282,232.794,101.023,101.085
2013-04-01,231.797,232.832,100.944,101.163
2013-05-01,231.893,232.996,101.01,101.272
2013-06-01,232.445,233.350,101.228,101.438
2013-07-01,232.900,233.880,101.354,101.567
2013-08-01,233.456,234.336,101.51,101.685
2013-09-01,233.544,234.700,101.55,101.799
2013-10-01,233.669,234.921,101.722,102.015
2013-11-01,234.100,235.359,101.881,102.194
2013-12-01,234.719,235.759,102.084,102.333
2014-01-01,235.288,235.961,102.278,102.426
2014-02-01,235.547,236.185,102.338,102.489
2014-03-01,236.028,236.625,102.543,102.684
2014-04-01,236.468,237.072,102.742,102.879
2014-05-01,236.918,237.529,102.919,103.061
2014-06-01,237.231,237.837,103.035,103.18
2014-07-01,237.498,238.195,103.19,103.369
2014-08-01,237.460,238.405,103.177,103.408
2014-09-01,237.477,238.786,103.203,103.536
2014-10-01,237.430,239.191,103.177,103.629
2014-11-01,236.983,239.458,103.098,103.74
2014-12-01,236.252,239.584,102.94,103.837
2015-01-01,234.747,239.811,102.465,103.816
2015-02-01,235.342,240.172,102.634,103.92
2015-03-01,235.976,240.755,102.831,104.08
2015-04-01,236.222,241.346,102.91,104.256
2015-05-01,237.001,241.688,103.156,104.385
2015-06-01,237.657,242.064,103.356,104.511
2015-07-01,238.034,242.565,103.441,104.603
2015-08-01,238.033,242.817,103.442,104.679
2015-09-01,237.498,243.316,103.289,104.814
2015-10-01,237.733,243.768,103.274,104.829
2015-11-01,238.017,244.241,103.337,104.94
2015-12-01,237.761,244.547,103.253,105.009
2016-01-01,237.652,244.955,103.306,105.204
2016-02-01,237.336,245.510,103.242,105.369
2016-03-01,238.080,245.913,103.481,105.521
2016-04-01,238.992,246.551,103.823,105.786
2016-05-01,239.557,247.137,103.977,105.948
2016-06-01,240.222,247.540,104.175,106.077
2016-07-01,240.101,247.829,104.218,106.257
2016-08-01,240.545,248.423,104.374,106.456
2016-09-01,241.176,248.842,104.555,106.579
2016-10-01,241.741,249.142,104.786,106.737
2016-11-01,242.026,249.481,104.826,106.789
2016-12-01,242.637,249.920,105.017,106.929
2017-01-01,243.618,250.467,105.41,107.204
2017-02-01,244.006,250.998,105.502,107.357
2017-03-01,243.892,250.944,105.448,107.307
2017-04-01,244.193,251.227,105.732,107.587
2017-05-01,244.004,251.430,105.703,107.699
2017-06-01,244.163,251.746,105.818,107.876
2017-07-01,244.243,251.985,105.844,107.944
2017-08-01,245.183,252.535,106.074,108.058
2017-09-01,246.435,252.812,106.52,108.267
2017-10-01,246.626,253.526,106.692,108.546
2017-11-01,247.284,253.816,106.88,108.601
2017-12-01,247.805,254.344,106.995,108.769
2018-01-01,248.743,255.072,107.354,109.06
2018-02-01,249.439,255.568,107.574,109.273
2018-03-01,249.581,256.128,107.744,109.542
2018-04-01,250.146,256.603,108.008,109.752
2018-05-01,250.779,257.151,108.203,109.969
2018-06-01,251.118,257.449,108.341,110.106
2018-07-01,251.323,257.848,108.427,110.238
2018-08-01,251.749,258.028,108.491,110.247
2018-09-01,252.239,258.505,108.72,110.475
2018-10-01,252.862,258.997,108.947,110.641
2018-11-01,252.657,259.455,109.023,110.838
2018-12-01,252.551,259.934,108.99,111.006
2019-01-01,252.470,260.534,108.93,111.06
2019-02-01,253.135,260.885,109.036,111.096
2019-03-01,254.273,261.382,109.333,111.254
2019-04-01,255.163,261.958,109.759,111.607
2019-05-01,255.325,262.321,109.827,111.744
2019-06-01,255.361,262.945,109.92,111.997
2019-07-01,255.900,263.491,110.074,112.15
2019-08-01,256.179,264.135,110.133,112.289
2019-09-01,256.596,264.588,110.215,112.367
2019-10-01,257.305,265.019,110.479,112.54
2019-11-01,257.788,265.461,110.568,112.576
2019-12-01,258.263,265.742,110.789,112.824
2020-01-01,258.682,266.418,111.002,113.04
2020-02-01,259.007,267.083,111.071,113.215
2020-03-01,258.165,266.916,110.802,113.15
2020-04-01,256.094,265.771,110.213,112.628
2020-05-01,255.944,265.606,110.385,112.864
2020-06-01,257.217,266.088,110.918,113.265
2020-07-01,258.543,267.552,111.221,113.61
2020-08-01,259.580,268.662,111.563,113.971
2020-09-01,260.190,269.152,111.736,114.131
2020-10-01,260.352,269.332,111.775,114.137
2020-11-01,260.721,269.816,111.79,114.134
2020-12-01,261.564,269.984,112.22,114.494
2021-01-01,262.200,270.114,112.57,114.746
2021-02-01,263.346,270.522,112.878,114.899
2021-03-01,265.028,271.347,113.518,115.383
2021-04-01,266.727,273.669,114.161,116.1
2021-05-01,268.599,275.715,114.767,116.766
2021-06-01,270.955,277.922,115.388,117.327
2021-07-01,272.184,278.794,115.847,117.704
2021-08-01,273.092,279.306,116.29,118.073
2021-09-01,274.214,280.017,116.693,118.357
2021-10-01,276.590,281.705,117.429,118.915
2021-11-01,278.524,283.179,118.106,119.483
2021-12-01,280.126,284.770,118.709,120.092
2022-01-01,281.933,286.431,119.307,120.62
2022-02-01,284.182,287.878,119.945,120.987
2022-03-01,287.708,288.811,121.024,121.386
2022-04-01,288.663,290.455,121.323,121.804
2022-05-01,291.474,292.289,.,.
